url	first_seen	portal	title	company	status
https://job-boards.greenhouse.io/impiricus/jobs/4993696008	2026-04-21	Greenhouse WebSearch	QA Automation Engineer	Impiricus	added
https://weworkremotely.com/remote-jobs/mediavine-software-test-engineer-sdet	2026-04-21	WeWorkRemotely WebSearch	Software Test Engineer / SDET	Mediavine	added
https://weworkremotely.com/remote-jobs/kodekloud-senior-sdet-automation	2026-04-21	WeWorkRemotely WebSearch	Senior SDET (Automation)	KodeKloud	added
https://remotive.com/remote/jobs/qa/senior-software-development-engineer-in-test-3873887	2026-04-21	Remotive WebSearch	Senior Software Development Engineer in Test	Newfold Digital	added
https://builtin.com/job/software-development-engineer-testsdet-automation/3553558	2026-04-21	BuiltIn WebSearch	Software Development Engineer in Test (SDET – Automation)	Stryker	added
https://builtin.com/job/engineer/software-development-engineer-test-sdet-ii/1513863	2026-04-21	BuiltIn WebSearch	Software Development Engineer in Test (SDET) II	City National Bank	added
https://jobs.lever.co/whoop/b7f75849-b5c0-49fe-8d24-50cbb39d284d	2026-04-21	Lever WebSearch	Software Engineer I (Quality)	Whoop	added
https://jobs.lever.co/shyftlabs/db3c7a45-b114-48cc-8c3a-c1a8567eab9e	2026-04-21	Lever WebSearch	Senior QA Automation Engineer / SDET	ShyftLabs	added
https://www.workatastartup.com/jobs/91419	2026-04-21	WorkAtAStartup WebSearch	Software Development Engineer in Test II	HackerRank	added
https://apply.workable.com/audible-magic/j/FA191074D7	2026-04-21	Workable WebSearch	SDET (QA Automation Engineer)	Audible Magic	added
https://apply.workable.com/1kosmos/j/86C8993ACA	2026-04-21	Workable WebSearch	Test Automation Engineer	1Kosmos	added
https://himalayas.app/companies/emergent-software/jobs/senior-development-engineer-in-test-sdet-contract	2026-04-21	Himalayas WebSearch	Senior Development Engineer in Test (SDET) – Contract	Emergent Software	added
https://job-boards.greenhouse.io/assystinc/jobs/4224641009	2026-04-21	Greenhouse WebSearch	Senior QA Automation Engineer	ASSYST	added
https://builtin.com/job/sdet-sw-test-automation-engineer-3-qa/6503283	2026-04-21	BuiltIn WebSearch	SDET – SW Test Automation Engineer Level 3	Chamberlain Group	added
https://builtin.com/job/release-engineering-and-test-automation-team-lead/3994620	2026-04-21	BuiltIn WebSearch	Software Development Engineer in Test (SDET) Manager	Koddi	added
https://builtin.com/job/software-developer-engineer-test-sdet/4020535	2026-04-21	BuiltIn WebSearch	Software Developer Engineer in Test (SDET)	BECU	added
https://builtin.com/job/software-development-engineer-test-sdet/2808426	2026-04-21	BuiltIn WebSearch	Software Development Engineer in Test (SDET)	Toyota Connected North America	added
https://job-boards.greenhouse.io/gleanwork/jobs/4012824005	2026-04-07	Greenhouse API — Glean	Quality Assurance Engineer	Glean	added
https://job-boards.greenhouse.io/gleanwork/jobs/4464005005	2026-04-07	Greenhouse API — Glean	Quality Assurance Lead	Glean	added
https://boards.greenhouse.io/bobsledinc/jobs/4385159005	2026-04-07	Greenhouse WebSearch — SDET	Senior Software Development Engineer in Test (SDET)	Bobsled	added
https://boards.greenhouse.io/phaidra/jobs/4255419005	2026-04-07	Greenhouse WebSearch — SDET	Senior SDET	Phaidra	added
https://job-boards.greenhouse.io/qgenda/jobs/4103637008	2026-04-07	Greenhouse WebSearch — SDET	Software Development Engineer in Test (SDET)	QGenda	added
https://boards.greenhouse.io/esri/jobs/5076375007	2026-04-07	Greenhouse WebSearch — SDET	Sr. Software Development Engineer in Test (SDET)	Esri	added
https://job-boards.greenhouse.io/keepersecurity/jobs/4183460009	2026-04-07	Greenhouse WebSearch — SDET	Senior SDET, API / Security	Keeper Security	added
https://job-boards.greenhouse.io/flex/jobs/4651948005	2026-04-07	Greenhouse WebSearch — SDET	Senior Software Development Engineer in Test (SDET)	Flex	added
https://job-boards.greenhouse.io/eclinicalsolutions/jobs/5054566007	2026-04-07	Greenhouse WebSearch — SDET	Senior AI-Enabled Software Engineer in Test	eClinical Solutions	added
https://job-boards.greenhouse.io/upgrade/jobs/4497438005	2026-04-07	Greenhouse WebSearch — QA Automation	Senior QA Automation Engineer	Upgrade	added
https://job-boards.greenhouse.io/blackthorn/jobs/5848843004	2026-04-07	Greenhouse WebSearch — QA Automation	Sr. QA Engineer	Blackthorn.io	added
https://job-boards.greenhouse.io/coderoad/jobs/4136073009	2026-04-07	Greenhouse WebSearch — QA Automation	Senior QA Automation Engineer	CodeRoad	added
https://job-boards.greenhouse.io/exadelinc/jobs/5836698004	2026-04-07	Greenhouse WebSearch — QA Automation	Senior Automation QA Engineer	Exadel	added
https://job-boards.greenhouse.io/affinitiv/jobs/7601528003	2026-04-07	Greenhouse WebSearch — QA Automation	Software Test Engineer (Automation)	Affinitiv	added
https://job-boards.greenhouse.io/quisitivejobs/jobs/7773653	2026-04-07	Greenhouse WebSearch — QA Automation	Senior QA Engineer – Playwright & Test Automation	Quisitive	added
https://jobs.ashbyhq.com/ironcladhq/abfc15f3-c499-40a8-ab65-efb6ff499b90	2026-04-07	Ashby WebSearch — SDET	Automation Quality Engineer II (SDET)	Ironclad	added
https://jobs.ashbyhq.com/it%20labs/02cf8f28-7ea8-4979-b98f-d69e77fae78f	2026-04-07	Ashby WebSearch — SDET	Senior SDET	IT Labs	added
https://jobs.ashbyhq.com/crackenagi/8fa95f75-5885-4f39-b1e7-62815d20e32a	2026-04-07	Ashby WebSearch — SDET	Software Development Engineer in Test (SDET)	Cracken	added
https://jobs.ashbyhq.com/jump/cd8335a7-5f3c-451e-87ba-b543b151628e	2026-04-07	Ashby WebSearch — SDET	Software Development Engineer in Test (SDET) II	Jump	added
https://jobs.ashbyhq.com/vCluster/ee07bd9e-7b1a-48c7-beda-06a3e740a0e7	2026-04-07	Ashby WebSearch — SDET	Senior Software Development Engineer in Test	vCluster Labs	added
https://jobs.ashbyhq.com/assured/71ef71b7-8bc5-4c7b-9d52-593e7ebf34d2	2026-04-07	Ashby WebSearch — SDET	Staff Software Development Engineer in Test (SDET)	Assured	added
https://jobs.ashbyhq.com/percona/435a16e6-dcd0-478b-862e-bceeb720e78d	2026-04-07	Ashby WebSearch — SDET	Senior Software Development Engineer in Test	Percona	added
https://jobs.ashbyhq.com/articul8/13fc5f25-e30c-416c-a9aa-d27850267a3b	2026-04-07	Ashby WebSearch — SDET	Senior SDET, Chaos Engineering Specialist	Articul8 AI	added
https://jobs.ashbyhq.com/span/b70a0ff4-119a-41ae-8579-978d03c93b23	2026-04-07	Ashby WebSearch — SDET	Senior Software Development Engineer in Test (SDET)	SPAN	added
https://jobs.ashbyhq.com/answersnow/8aa58694-b647-4044-9ddd-181069640e0b	2026-04-07	Ashby WebSearch — QA Automation	Senior QA Automation Engineer	AnswersNow	added
https://jobs.ashbyhq.com/webai/8d8cb5b6-e62b-4fd9-b9ae-49101f418581	2026-04-07	Ashby WebSearch — QA Automation	Senior Quality Assurance Automation Engineer	webAI	added
https://jobs.ashbyhq.com/machinify/2f6dd716-42c9-4490-9ded-fee3b2631d7f	2026-04-07	Ashby WebSearch — QA Automation	Senior Automation Engineer, Quality Assurance	Machinify	added
https://jobs.ashbyhq.com/real/6d4bc00f-7682-454a-9c87-c3adee0af77b	2026-04-07	Ashby WebSearch — QA Automation	Senior QA Automation Engineer - Tech Lead	Real	added
https://jobs.ashbyhq.com/vettura/e26c09d6-320b-419f-bdb5-7dcede129471	2026-04-07	Ashby WebSearch — QA Automation	Senior QA Automation Engineer	Vettura	added
https://jobs.ashbyhq.com/astronomer/bb2c7284-5085-4e7c-90dd-f61db3150bfb	2026-04-07	Ashby WebSearch — QA Automation	Senior Software Engineer, Test Automation	Astronomer	added
https://jobs.ashbyhq.com/writer/7d42793b-c380-464c-bb42-c120328ea6ad	2026-04-07	Ashby WebSearch — QA Automation	QA Automation Engineer	Writer	added
https://jobs.lever.co/netomi/8723fb67-36c9-495d-ba19-05b0e36f22e3	2026-04-07	Lever WebSearch — SDET	SDET II	Netomi	added
https://jobs.lever.co/everbridge/11f4c133-18e5-487e-b3dd-800abc0e6401	2026-04-07	Lever WebSearch — SDET	Software Development Engineer in Test (SDET)	Everbridge	added
https://jobs.lever.co/cloaked-app/e58f8ccd-9873-4fe8-b3c0-abfb46136b9a	2026-04-07	Lever WebSearch — QA Automation	Quality Assurance Automation Engineer	Cloaked	added
https://jobs.lever.co/celaralabs/a42e3b5c-d748-4d0c-b661-1283d350374f	2026-04-07	Lever WebSearch — QA Automation	QA Automation Engineer	Celara	added
https://jobs.lever.co/bluesight/5668e24b-3143-4882-89fd-918bb24b3a20	2026-04-07	Lever WebSearch — SDET	Senior Software Development Engineer in Test (SDET)	Bluesight	added
https://alkami.wd12.myworkdayjobs.com/alkami/job/us-remote/staff-sdet_jr-000546	2026-04-07	Broader WebSearch	Staff SDET	Alkami	added
https://job-boards.greenhouse.io/flex/jobs/4655636005	2026-04-08	Greenhouse WebSearch — SDET	Senior Software Development Engineer in Test (SDET)	Flex	added
https://job-boards.greenhouse.io/rapidfortinc/jobs/4193607009	2026-04-08	Greenhouse WebSearch — SDET	SR SDET / Sr QA Automation Engineer (Python, CLI, CI/CD, Containers)	RapidFort	added
https://jobs.lever.co/gohighlevel/3299d482-4ae7-4f34-abcf-3d1b01e58d38	2026-04-08	Lever WebSearch — SDET	Software Development Engineer in Test III - AI	HighLevel	added
https://jobs.lever.co/gohighlevel/ca4ef37c-f259-4b6b-8d28-c034feed8874	2026-04-08	Lever WebSearch — SDET	Lead Software Development Engineer in Test - Lead Gen	HighLevel	added
https://jobs.lever.co/gravie/1a651cf9-4c31-417b-9b9b-4aaa2dc9de6e	2026-04-08	Lever WebSearch — QA Automation	AI Test Automation Engineer	Gravie	added
https://job-boards.greenhouse.io/dragos/jobs/5039760008	2026-04-08	Greenhouse WebSearch — SDET	Senior Software Development Engineer in Test (SDET)	Dragos	skipped_title
https://job-boards.greenhouse.io/aiserajobs/jobs/5360318004	2026-04-08	Greenhouse WebSearch — SDET	Senior SDET	Aisera	skipped_title
https://job-boards.greenhouse.io/freshprints/jobs/5848969004	2026-04-08	Greenhouse WebSearch — SDET	SDET - Software Engineer in Test	Fresh Prints	skipped_title
https://jobs.lever.co/jobgether/205e6d24-e975-4029-a3ec-078f8e47800f	2026-04-08	Lever WebSearch — SDET	Remote Senior QA Engineer	Jobgether	skipped_title
https://jobs.ashbyhq.com/cohere	2026-04-08	Ashby Playwright	No QA/SDET matches	Cohere	skipped_title
https://jobs.ashbyhq.com/zapier	2026-04-08	Ashby Playwright	No QA/SDET matches	Zapier	skipped_title
https://jobs.ashbyhq.com/langchain	2026-04-08	Ashby Playwright	No QA/SDET matches	LangChain	skipped_title
https://jobs.ashbyhq.com/deepgram/c270da71-66b3-4f9f-9ee1-773a062944d3	2026-04-20	Ashby Playwright	QA Engineering Manager	Deepgram	added
https://jobs.ashbyhq.com/deepgram/1111c5de-2f90-4f38-a353-115a64a9ca33	2026-04-20	Ashby Playwright	Model Evaluation QA Lead	Deepgram	added
https://job-boards.greenhouse.io/flex/jobs/4684410005	2026-04-20	Greenhouse WebSearch — SDET	Senior Software Development Engineer in Test (SDET)	Flex	added
https://job-boards.greenhouse.io/machinifyinc/jobs/4111848009	2026-04-20	Greenhouse WebSearch — QA Automation	Staff Automation Engineer QA	Machinify	added
https://job-boards.greenhouse.io/dragos/jobs/5039765008	2026-04-20	Greenhouse WebSearch — SDET	Senior Software Development Engineer in Test (SDET)	Dragos	added
https://job-boards.greenhouse.io/knowbe4/jobs/8500816002	2026-04-20	Greenhouse WebSearch — QA Automation	QA Engineer (MIS)	KnowBe4	added
https://jobs.lever.co/spotify/ba0e386d-8fbc-4291-b107-b525f4d6133f	2026-04-20	Lever WebSearch — QA	Senior QA Engineer Platform & Partner Experience	Spotify	skipped_title
https://jobs.lever.co/spotify/5bff6977-9520-49d4-a407-d48a891c2371	2026-04-20	Lever WebSearch — QA	Full Stack Engineer Test Experience Engineering	Spotify	skipped_title
https://jobs.ashbyhq.com/real/504cc0d1-d4ca-4768-9dfb-f32b713730b9	2026-04-20	Ashby WebSearch — QA Automation	Sr QA Automation Engineer Tech Lead	Real	skipped_expired
https://job-boards.greenhouse.io/cresta/jobs/5148813008	2026-04-20	Greenhouse WebSearch — QA Lead	QA Lead, AI Agent	Cresta	added
https://job-boards.greenhouse.io/clickhouse/jobs/5654024004	2026-04-20	Greenhouse WebSearch — Quality Engineer	QA Engineer, Core Database	ClickHouse	added
https://jobs.ashbyhq.com/tillo/22ae6a3f-433c-4834-8218-df0f059425e2	2026-04-20	Ashby WebSearch — SDET	Senior SDET	Tillo	skipped_title
https://jobs.ashbyhq.com/abridge/ceb6a3c4-05ee-4c96-b563-fa7c585ca41e	2026-04-20	Ashby WebSearch — QA Lead	QA Lead	Abridge	skipped_title
https://jobs.ashbyhq.com/limble/8b51bfd5-6f72-4dc7-b410-0bed47960bdf	2026-04-20	Ashby WebSearch — QA Lead	Lead QA Engineer	Limble CMMS	skipped_title
https://jobs.ashbyhq.com/Chestnut/c7032fc0-8463-455d-b011-f836d7d77faa	2026-04-20	Ashby WebSearch — QA Lead	QA Lead Software Engineer	Chestnut	skipped_title
https://job-boards.greenhouse.io/nice/jobs/4835611101	2026-04-20	Greenhouse WebSearch — QA Lead	Lead QA Architect	NICE	skipped_title
https://job-boards.greenhouse.io/goodnotes/jobs/5723947004	2026-04-20	Greenhouse WebSearch — QA Lead	Lead Quality Engineer	Goodnotes	skipped_expired
https://job-boards.greenhouse.io/lifted/jobs/7689401003	2026-04-20	Greenhouse WebSearch — QA Automation	Senior Quality Assurance Engineer	Lifted	skipped_title
https://job-boards.greenhouse.io/assystinc/jobs/4214576009	2026-04-20	Greenhouse WebSearch — SDET	Test Automation Engineer (SDET)	ASSYST	skipped_title
https://job-boards.greenhouse.io/lastpass/jobs/4376661005	2026-04-20	Greenhouse WebSearch — SDET	Senior Software Engineer SDET	LastPass	skipped_title
https://jobs.lever.co/softrams/8ab0c4e5-e5fa-4ebe-ac66-9b8ba81005cd	2026-04-20	Lever WebSearch — SDET	Software Development Engineer in Test (SDET)	Softrams	skipped_title
https://builtin.com/job/senior-qasdet-engineer-remote-us-based/3520317	2026-04-20	Builtin WebSearch — SDET	Senior QA/SDET Engineer	Liquibase	skipped_expired
https://builtin.com/job/lead-software-development-engineer-test-sdet/2546760	2026-04-20	Builtin WebSearch — SDET	Lead SDET/QA Manager	Drivetrain	skipped_title
https://jobs.ashbyhq.com/roompricegenie/5004ba4d-c232-4a9e-8739-8765a5638e70	2026-04-20	Ashby WebSearch — QA Automation	Remote Senior QA Test Automation Engineer	RoomPriceGenie	skipped_title
https://jobs.ashbyhq.com/kraken.com/e50565e5-fdb3-4ee0-b6f6-abe5fe5ef24b	2026-04-20	Ashby WebSearch — QA Automation	Senior QA Automation Engineer Web3	Kraken	skipped_title
https://jobs.ashbyhq.com/playson/8b88f451-8de1-4edb-b406-2f7b27c63d3a	2026-04-20	Ashby WebSearch — QA Automation	Senior QA Automation Engineer	Playson	skipped_title
https://jobs.ashbyhq.com/deel/40300abf-f7bb-4f2b-a1dc-c3ba209f76df	2026-04-20	Ashby WebSearch — QA Automation	Senior QA Automation Engineer EMEA	Deel	skipped_title
https://jobs.ashbyhq.com/Deel/902d9221-d4c0-4756-ab99-c62fe62a6ef1	2026-04-20	Ashby WebSearch — QA Automation	Senior QA Automation Engineer LATAM	Deel	skipped_title
https://jobs.lever.co/foodsmart/7cd3c3d5-9afb-4c98-b4c6-c0a7bdb6504e	2026-04-20	Lever WebSearch	Software Development Engineer in Test (SDET)	Foodsmart	added
https://remotive.com/remote/jobs/software-development/senior-software-developer-in-test-sdet-automation-ai-4347885	2026-04-20	Remotive	Senior Software Developer in Test (SDET) – Automation & AI	Intrado Life & Safety	added
https://job-boards.greenhouse.io/cayuse/jobs/8512811002	2026-04-20	Greenhouse WebSearch	Software Development Engineer in Test (SDET)	Cayuse	skipped_title
https://jobs.ashbyhq.com/GPTZero/25fd569e-764d-40ba-bfc2-50d5c9934e6a	2026-04-20	Ashby WebSearch	Software Engineer in Test	GPTZero	skipped_title
https://jobs.lever.co/drivetrain/19a2250b-2c65-451b-b18c-e714aedacb36	2026-04-20	Lever WebSearch	SDET / Senior SDET	Drivetrain	skipped_title
https://job-boards.greenhouse.io/rapp/jobs/7797791	2026-04-20	Greenhouse WebSearch	Senior SDET	RAPP	skipped_title
https://job-boards.greenhouse.io/coderoad/jobs/4211782009	2026-04-20	Greenhouse WebSearch	Senior QA Automation Engineer	CodeRoad	skipped_title
https://jobs.lever.co/3pillarglobal/3c80997d-4786-412c-b9a4-c743a5a3cc79	2026-04-20	Lever WebSearch	Senior SDET (Java/Angular - Playwright)	3Pillar Global	skipped_title
https://job-boards.greenhouse.io/litify/jobs/7813105	2026-04-20	Greenhouse WebSearch	QA Automation Engineer	Litify	skipped_title
https://job-boards.greenhouse.io/firmpilotailawfirmmarketing/jobs/5068572008	2026-04-20	Greenhouse API	Senior SDET	FirmPilot	skipped_expired
https://job-boards.greenhouse.io/dittoliveincorporated/jobs/4610066006	2026-04-20	Greenhouse WebSearch	Senior SDET	Ditto	skipped_expired
https://job-boards.greenhouse.io/appviewx/jobs/5799955004	2026-04-20	Greenhouse WebSearch	Senior SDET Engineer I	AppViewX	skipped_expired
https://jobs.lever.co/proof/b166af7e-3328-4c50-9561-dde7cc009501	2026-04-20	Lever WebSearch	Senior Software QA Engineer	Proof	skipped_expired
https://job-boards.greenhouse.io/quanata/jobs/5647318004	2026-04-20	Greenhouse WebSearch	Senior SDET Data QA	Quanata	skipped_expired
https://job-boards.greenhouse.io/onetrust/jobs/7608831	2026-04-20	Greenhouse WebSearch	Senior Quality Engineer SDET	OneTrust	skipped_expired
https://jobs.ashbyhq.com/kiwi/7a90455a-62f1-4c35-8a86-78d78af9be9f	2026-04-20	Ashby WebSearch	Senior QA Automation Engineer	Kiwi Financial	skipped_expired
https://jobs.ashbyhq.com/synthflow/c9f479c8-e5ee-487d-b157-ea83684eef0c	2026-04-20	Ashby WebSearch	Senior Software Engineer in Test	Synthflow AI	skipped_expired
https://jobs.ashbyhq.com/onebrief/a23da8c1-25ce-4b4f-8a25-ae02f4ba89f8	2026-04-20	Ashby WebSearch	Senior Test Automation Engineer	Onebrief	skipped_expired
https://job-boards.greenhouse.io/betterhelpcom/jobs/4806004008	2026-04-20	Greenhouse WebSearch	Software QA Engineer III	BetterHelp	skipped_expired
https://jobs.lever.co/Mediafly/8154f624-5de5-42af-b4b0-9ad048eb0c47	2026-04-20	Lever WebSearch	Senior SDET	Mediafly	skipped_expired
https://jobs.lever.co/greenlight/5ecf398c-e849-460c-825c-cb7a67dbf687	2026-04-20	Lever WebSearch	Senior SDET	Greenlight Financial	skipped_expired
https://jobs.lever.co/opengov/09e44e70-66f1-4e4d-aff0-ae0eca9cd53e	2026-04-20	Lever WebSearch	Staff SDET Engineer	OpenGov	skipped_expired
https://jobs.lever.co/BlackCloak/ab944dd8-80c5-4aee-b35f-c0a990a5fa51	2026-04-20	Lever WebSearch	Sr SDET	BlackCloak	skipped_expired
https://job-boards.greenhouse.io/seamlessai/jobs/4087674004	2026-04-20	Greenhouse WebSearch	Senior QA Engineer	Seamless.AI	skipped_expired
https://job-boards.greenhouse.io/onestudyteam/jobs/5826366004	2026-04-21	Greenhouse WebSearch	Senior Test Automation Engineer	OneStudyTeam	added
https://job-boards.greenhouse.io/elitetechnology/jobs/5184327008	2026-04-21	Greenhouse WebSearch	Lead Software Engineer in Test	Elite Technology	added
https://builtin.com/job/senior-software-development-engineer-test-sdet/8483864	2026-04-21	BuiltIn WebSearch	Senior Software Development Engineer in Test (SDET)	Fullbay	added
https://jobs.lever.co/smiledigitalhealth/53d94bc5-48d2-4ae3-a76a-d2618dac6983	2026-04-21	Lever WebSearch	QA Automation Tester - Remote US	Smile Digital Health	added
https://job-boards.greenhouse.io/medeloop/jobs/4224606009	2026-04-21	Greenhouse WebSearch	Senior SDET	Medeloop	added
https://jobs.lever.co/netomi/d637db60-0873-4dc6-8b23-b8fa78a04727	2026-04-21	Lever WebSearch	SDET II	Netomi	skipped_location
https://jobs.ashbyhq.com/menlosecurity/5e7e14a0-64ad-4600-a871-6ffc860e2648	2026-04-21	Ashby WebSearch	SDET – Tools & Infrastructure	Menlo Security	skipped_expired
https://jobs.ashbyhq.com/maximustribe/5e570d66-c091-4042-886a-91e3b405d3f3	2026-04-21	Ashby WebSearch	Lead QA Engineer	Maximus Health	skipped_expired
https://jobs.ashbyhq.com/maximustribe/09b686e4-4f38-4758-a4a0-6da7569104bf	2026-04-21	Ashby WebSearch	Senior QA Engineer	Maximus Health	skipped_expired
https://jobs.ashbyhq.com/machinify/3ac0a2a3-ab89-4a6d-8766-0cfcf6f3d94e	2026-04-21	Ashby WebSearch	QA Automation Engineer	Machinify	skipped_expired
https://job-boards.greenhouse.io/reach/jobs/8169924002	2026-04-21	Greenhouse WebSearch	Senior SDET	Reach Financial	skipped_expired
https://job-boards.greenhouse.io/collectorsuniverse/jobs/5451432004	2026-04-21	Greenhouse WebSearch	Staff QA Automation Engineer/SDET	Collectors	skipped_expired
https://job-boards.greenhouse.io/kunai/jobs/5000195007	2026-04-21	Greenhouse WebSearch	Software QA Lead	Kunai	skipped_expired
https://job-boards.greenhouse.io/hudl/jobs/7183239	2026-04-21	Greenhouse WebSearch	Lead QA Engineer – Frontends	Hudl	skipped_expired
https://job-boards.greenhouse.io/mattermost/jobs/4889100008	2026-04-21	Greenhouse WebSearch	SDET – Deployment Engineering	Mattermost	skipped_expired
https://job-boards.greenhouse.io/carta/jobs/6651499003	2026-04-21	Greenhouse WebSearch	Senior QA Automation Engineer	Carta	skipped_expired
https://job-boards.greenhouse.io/tailscale/jobs/4571327005	2026-04-21	Greenhouse WebSearch	QA Engineer	Tailscale	skipped_expired
https://boards.greenhouse.io/pantherlabs/jobs/4408313003	2026-04-21	Greenhouse WebSearch	Senior SDET	Panther Labs	skipped_expired
https://boards.greenhouse.io/onxmaps/jobs/4252823006	2026-04-21	Greenhouse WebSearch	Senior SDET – Montana/Remote	onX	skipped_expired
https://jobs.lever.co/bluesight/3ad25798-f14c-47c0-927e-dcc8be57aab5	2026-04-21	Lever WebSearch	SDET	Bluesight	skipped_expired
https://jobs.lever.co/softrams/81593fd6-74b4-4506-81aa-cecf7250adc6	2026-04-21	Lever WebSearch	Senior Automation Test Engineer	Softrams	skipped_expired
https://jobs.lever.co/nrccua/2c0fdf1b-2e24-4142-9010-6239bc61c4ea	2026-04-21	Lever WebSearch	QA Lead Engineer	Encoura	skipped_expired
https://weworkremotely.com/remote-jobs/kodify-media-group-software-development-engineer-in-test-sdet	2026-04-21	WeWorkRemotely WebSearch	SDET	Kodify Media Group	skipped_expired
https://weworkremotely.com/remote-jobs/icario-software-engineer-in-test-sdet	2026-04-21	WeWorkRemotely WebSearch	Software Engineer in Test (SDET)	Icario	skipped_expired
https://himalayas.app/companies/ecp/jobs/senior-software-development-engineer-in-test-sdet	2026-04-21	Himalayas WebSearch	Senior SDET	ECP	skipped_expired
https://remotive.com/remote/jobs/qa/senior-sdet-senior-qa-automation-engineer-4124516	2026-04-21	Remotive WebSearch	Senior SDET / Senior QA Automation Engineer	RapidFort	skipped_dup
https://job-boards.greenhouse.io/quanata/jobs/5752862004	2026-04-21	Greenhouse WebSearch	SDET	Quanata	added
https://job-boards.greenhouse.io/tailscale/jobs/4571322005	2026-04-21	Greenhouse WebSearch	Test Automation Engineer	Tailscale	added
https://remotive.com/remote/jobs/qa/senior-test-automation-engineer-4282604	2026-04-21	Remotive WebSearch	Senior Test Automation Engineer	eSimplicity	added
https://builtin.com/job/senior-software-development-engineer-test-senior-sdet-remote/7726072	2026-04-21	BuiltIn WebSearch	Sr. SDET	Luxury Presence	skipped_expired
https://himalayas.app/companies/luxury-presence/jobs/senior-software-development-engineer-in-test-senior-sdet-remote	2026-04-21	Himalayas WebSearch	Senior SDET	Luxury Presence	skipped_expired
https://remotive.com/remote/jobs/qa/automation-qa-engineer-4281164	2026-04-21	Remotive WebSearch	Automation QA Engineer	PriceLabs	skipped_location
https://apply.workable.com/cloudlinux-1/j/FF27DA6EEC	2026-04-21	Workable WebSearch	Senior SDET / QA Automation Engineer	CloudLinux	skipped_location
https://job-boards.greenhouse.io/540/jobs/7702051003	2026-04-22	Greenhouse WebSearch — SDET	Test Automation Engineer (Contract)	540	added
https://jobs.lever.co/angel/599f965c-cdaf-42d7-8a6b-bdb92eb5ee78	2026-04-22	Lever WebSearch — SDET	Senior SDET / QA Engineer (Smart TV)	Angel	added
https://jobs.ashbyhq.com/moxie/98052fac-5e43-45da-bf7e-fac3cd627c1c	2026-04-22	Ashby WebSearch — SDET	Software Development Engineer in Test	Moxie	skipped_expired
https://jobs.ashbyhq.com/wagmo/f508c7b8-d33c-4c7a-9461-0f268bbd4875	2026-04-22	Ashby WebSearch — SDET	SDET / QA Automation Engineer	Wagmo	skipped_expired
https://jobs.ashbyhq.com/lazer/274f4de5-103e-423a-9309-398dd595270d	2026-04-22	Ashby WebSearch — SDET	Senior QA Engineer	Lazer	skipped_expired
https://jobs.ashbyhq.com/maximustribe/7c33886f-6b6c-43a0-a15b-f2e95904ebce	2026-04-22	Ashby WebSearch — QA Lead	Lead QA Engineer	Maximus Health	skipped_expired
https://jobs.lever.co/thekrazycouponlady/09bdbd73-5e1b-44c8-80aa-e2aaa48bf74c	2026-04-22	Lever WebSearch — SDET	SDET/QA Mobile Automation	The Krazy Coupon Lady	skipped_expired
https://jobs.lever.co/jobgether/9d824c81-b191-41fa-a40c-59d0680a3645	2026-04-22	Lever WebSearch — QA	QA Automation Engineer	Jobgether	skipped_expired
https://jobs.lever.co/jobgether/90300e18-c389-43f0-8d84-bda667fbf5ab	2026-04-22	Lever WebSearch — QA	QA Automation Engineer (Remote)	Jobgether	skipped_expired
https://jobs.lever.co/jobgether/937ec137-591a-44a8-a6a6-ed1957bc87fd	2026-04-22	Lever WebSearch — QA Lead	Test Engineering Lead	Jobgether	skipped_expired
https://jobs.lever.co/jobgether/ba6b4f24-f370-4349-82b9-b9150dd45547	2026-04-22	Lever WebSearch — QA Lead	Remote QA Lead	Jobgether	skipped_expired
https://jobs.lever.co/jobgether/73f64f2f-077c-4048-9421-c9f10c6a8744	2026-04-22	Lever WebSearch — SDET	Sr. QA Test Engineer	Jobgether	skipped_expired
https://jobs.lever.co/jobgether/6a94b466-3d14-49d5-aa66-756b6e5a2c03	2026-04-22	Lever WebSearch — QA	Remote Software Test Engineer	Jobgether	skipped_expired
https://jobs.lever.co/voxy-engen/5077ae29-234f-4fe2-b609-3a199adbd69e	2026-04-22	Lever WebSearch — QA Lead	QA Lead	EnGen	skipped_expired
https://jobs.lever.co/revealtech/520a207e-1546-4989-9668-f5158a51f88d	2026-04-22	Lever WebSearch — QA	QA Engineer	Reveal Technology	skipped_expired
https://job-boards.greenhouse.io/cribl/jobs/5764913004	2026-04-22	Greenhouse WebSearch — SDET	Staff SDET	Cribl	skipped_expired
https://boards.greenhouse.io/okta/jobs/6898090	2026-04-22	Greenhouse WebSearch — SDET	QA Automation Engineer - SDET	Okta	skipped_expired
https://boards.greenhouse.io/liveperson/jobs/6056518	2026-04-22	Greenhouse WebSearch — SDET	SDET	LivePerson	skipped_expired
https://boards.greenhouse.io/alphasense/jobs/7616170002	2026-04-22	Greenhouse WebSearch — SDET	SDET QA Automation - Search Lane	AlphaSense	skipped_expired
https://boards.greenhouse.io/smus/jobs/6057378003	2026-04-22	Greenhouse WebSearch — SDET	SDET/Test Automation QA Engineer	SonderMind	skipped_expired
https://job-boards.greenhouse.io/sharkninjaoperatingllc/jobs/4673233006	2026-04-22	Greenhouse WebSearch — SDET	Software Development Engineer in Test	SharkNinja	skipped_location
https://job-boards.greenhouse.io/santex/jobs/8504641002	2026-04-22	Greenhouse WebSearch — QA Lead	Senior QA Lead	Santex	skipped_location
https://remotive.com/remote/jobs/qa/senior-sdet-4416978	2026-04-22	Remotive WebSearch — SDET	Senior SDET	CI&T	skipped_location
https://remotive.com/remote/jobs/qa/sdet-qa-automation-engineer-1713315	2026-04-22	Remotive WebSearch — SDET	SDET QA Automation Engineer	McFadyen Digital	skipped_expired
https://remotive.com/remote/jobs/qa/sdet-engineer-4389536	2026-04-22	Remotive WebSearch — SDET	SDET Engineer	AgileEngine	skipped_location
https://remotive.com/remote/jobs/qa/staff-sdet-engineer-4240859	2026-04-22	Remotive WebSearch — SDET	Staff SDET Engineer	Cint	skipped_location
https://apply.workable.com/cloudlinux-1/j/71755C8BDB	2026-04-22	Workable WebSearch — SDET	Middle SDET/QA Automation Engineer	CloudLinux	skipped_expired
https://apply.workable.com/cloudlinux-1/j/5781E9695C	2026-04-22	Workable WebSearch — SDET	SDET/QA Automation Engineer ELS	CloudLinux	skipped_expired
https://apply.workable.com/j/E55432B76F	2026-04-22	Workable WebSearch — SDET	SDET/QA Automation Engineer	CloudLinux	skipped_expired
https://apply.workable.com/cloudlinux-1/j/368AAB40A0/	2026-04-22	Workable WebSearch — SDET	SDET/QA Automation Engineer	CloudLinux	skipped_expired
https://apply.workable.com/jobgether/j/97DFE99E39	2026-04-22	Workable WebSearch — QA	QA Automation Test Engineer II	Jobgether	skipped_expired
https://apply.workable.com/alex-staff-agency-careers/j/E6193EF8C3	2026-04-22	Workable WebSearch — SDET	Senior SDET/QA Automation Engineer	Alex Staff Agency	skipped_expired
https://apply.workable.com/alex-staff-agency-careers/j/EBFB326FB1	2026-04-22	Workable WebSearch — SDET	Senior SDET/QA Automation Engineer	Alex Staff Agency	skipped_expired
https://himalayas.app/companies/thalamus/jobs/software-development-engineer-in-test	2026-04-22	Himalayas WebSearch — SDET	Software Development Engineer in Test	Thalamus	skipped_expired
https://himalayas.app/companies/jobgether/jobs/senior-software-development-engineer-in-test-sdet	2026-04-22	Himalayas WebSearch — SDET	Senior SDET	Jobgether	skipped_expired
https://www.workatastartup.com/jobs/63317	2026-04-22	WorkAtAStartup WebSearch — SDET	QA (SDET)	Kodo	skipped_location
https://job-boards.greenhouse.io/rapidfortinc/jobs/4135905009	2026-04-22	Greenhouse WebSearch — SDET	Sr SDET / Sr QA Automation Engineer	RapidFort	new
https://jobs.ashbyhq.com/onebrief/91e6c5c3-7552-4dcf-a06e-16cc6212efb7	2026-04-22	Ashby WebSearch — Q2	Software Development Engineer in Test	Onebrief	new
https://jobs.ashbyhq.com/onebrief/7ed44919-59c8-4bf8-bad8-fb7b64d42588	2026-04-22	Ashby WebSearch — Q2	Senior Test Automation Engineer	Onebrief	new
https://jobs.ashbyhq.com/onebrief/a8650772-d66e-4e77-aa0e-7500a2659fdd	2026-04-22	Ashby WebSearch — Q37	Staff Test Automation Engineer	Onebrief	new
https://jobs.lever.co/dronedeploy/487cfa63-2c07-4021-ba37-0a8dcdc583ee	2026-04-22	Lever WebSearch — Q8	Lead QA Engineer	DroneDeploy	new
https://jobs.ashbyhq.com/empower%20finance/48a1274a-5436-485f-9471-86db3db479de	2026-04-22	Ashby WebSearch — Q3	Sr. QA Engineer	Empower Finance	new
https://jobs.ashbyhq.com/masabi/d7eec85c-b925-4d61-9aef-c3938e8b0b67	2026-04-22	Ashby WebSearch — Q2	QA Automation Engineer	Masabi	new
https://job-boards.greenhouse.io/spycloud/jobs/6681962003	2026-04-22	Greenhouse WebSearch — Q5	Staff Software Developer in Test (SDET)	SpyCloud	new
https://alteryx.wd108.myworkdayjobs.com/alteryxcareers/job/us---remote/software-development-engineer-in-test_r11901	2026-04-22	Glassdoor WebSearch — Q19	Software Development Engineer in Test	Alteryx	new
https://weworkremotely.com/remote-jobs/secure-privacy-qa-engineer-ai-automation-intelligent-testing	2026-04-22	WeWorkRemotely WebSearch — Q22	QA Engineer – AI Automation & Intelligent Testing	Secure Privacy	new
https://weworkremotely.com/remote-jobs/maticon-sdet-qa-automation-engineer	2026-04-22	WeWorkRemotely WebSearch — Q22	SDET / QA Automation Engineer	Maticon	new
https://job-boards.greenhouse.io/scaleai/jobs/4667108005	2026-04-22	Greenhouse API — ScaleAI	Quality Lead	Scale AI	skipped_title
https://job-boards.greenhouse.io/scaleai/jobs/4683041005	2026-04-22	Greenhouse API — ScaleAI	Quality Lead II	Scale AI	skipped_location
https://job-boards.greenhouse.io/appliedintuition/jobs/4045057005	2026-04-22	Greenhouse WebSearch — Q5	Test Automation Engineer	Applied Intuition	skipped_expired
https://job-boards.greenhouse.io/remotepeople/jobs/4796152101	2026-04-22	Greenhouse WebSearch — Q5	QA Automation Engineer	Remote People	skipped_location
https://remotive.com/remote/jobs/qa/test-automation-engineer-sdet-3865853	2026-04-22	Remotive WebSearch — Q23	Test Automation Engineer / SDET	Poscomputing	skipped_expired
https://builtin.com/job/engineer/software-development-engineer-test-sdet/90062	2026-04-22	BuiltIn WebSearch — Q21	Software Development Engineer in Test (SDET)	Litify	skipped_expired
https://builtin.com/job/manager-software-development-engineer-test-sdet/2811669	2026-04-22	BuiltIn WebSearch — Q21	Manager SDET	Evidation	skipped_expired
https://apply.workable.com/seliuk-ltd/j/6C2F22BFA4	2026-04-22	Workable WebSearch — Q10	Senior SDET/QA Automation Engineer	SELIUK LTD	skipped_title
https://apply.workable.com/jobgether/j/BF65DC8681	2026-04-22	Workable WebSearch — Q10	Software Development Engineer in Test (SDET)	Jobgether	skipped_expired
https://jobs.lever.co/insiderone/7af7b270-7de3-4da2-8f21-14f605b30a93	2026-04-22	Lever WebSearch — Q8	Senior Software Quality Assurance Engineer	Insider One	skipped_location
https://jobs.lever.co/xsolla/48f10a37-00a9-4214-aa69-3548f6a6500c	2026-04-22	Lever WebSearch — Q8	Director of QA	Xsolla	skipped_title
https://remotive.com/remote/jobs/qa/senior-quality-assurance-automation-engineer-4286203	2026-04-22	Remotive WebSearch — Scan 5 Q7	Senior Quality Assurance Automation Engineer	Stellus Rx	new
https://jobs.lever.co/insiderone/245dab2b-edba-4430-9a0c-0fe8ae486d72	2026-04-22	Lever WebSearch — Scan 5 Q5	Software Quality Assurance Team Lead	Insider One	skipped_expired
https://jobs.lever.co/aofl/e1ffd839-aaca-4c5a-b66f-1c50340fc7d6	2026-04-22	Lever WebSearch — Scan 5 Q5	Director Quality Assurance	Age of Learning	skipped_expired
https://jobs.lever.co/jobgether/4e04d692-7184-434a-a0fa-62899862faab	2026-04-22	Lever WebSearch — Scan 5 Q5	Quality Assurance Lead REMOTE	Jobgether	skipped_expired
https://jobs.lever.co/jobgether/71f83329-a376-4c4b-aba2-8b6cf73af4b8	2026-04-22	Lever WebSearch — Scan 5 Q5	QA Lead Fully Remote	Jobgether	skipped_expired
https://weworkremotely.com/remote-jobs/golance-qa-engineer-sdet	2026-04-22	WeWorkRemotely — Scan 5 Q13	QA Engineer SDET	goLance	skipped_expired
https://weworkremotely.com/remote-jobs/remotestar-devops-qa-automation-engineer-remote	2026-04-22	WeWorkRemotely — Scan 5 Q13	DevOps & QA Automation Engineer	Remotestar	skipped_expired
https://weworkremotely.com/remote-jobs/toptal-qa-automation-engineer	2026-04-22	WeWorkRemotely — Scan 5 Q13	QA Automation Engineer	Toptal	skipped_expired
https://jobs.ashbyhq.com/block-labs/008f6756-ff53-4d6e-95fb-be048a45d876	2026-04-22	Ashby WebSearch — Scan 5 Q18	QA Automation Engineer	Block Labs	skipped_expired
https://himalayas.app/companies/datamaxis/jobs/software-development-engineer-in-test-sdet-with-salesforce	2026-04-22	Himalayas WebSearch — Scan 5 Q15	SDET with Salesforce	DATAMAXIS	skipped_expired
https://job-boards.greenhouse.io/affirm/jobs/6341258003	2026-04-22	Greenhouse WebSearch — Scan 6	Senior Software Development Engineer in Test (Test infra)	Affirm	skipped_expired
https://boards.greenhouse.io/boldmetrics/jobs/4419897005	2026-04-22	Greenhouse WebSearch — Scan 6	Software Developer in Test (SDET)	Bold Metrics	skipped_expired
https://job-boards.greenhouse.io/ninjatrader/jobs/4626215006	2026-04-22	Greenhouse WebSearch — Scan 6	Staff Test Engineer	NinjaTrader	skipped_location
https://job-boards.greenhouse.io/quince/jobs/5186354008	2026-04-22	Greenhouse WebSearch — Scan 6	Staff Engineer SDET	Quince	skipped_location
https://job-boards.greenhouse.io/vonage/jobs/8506365002	2026-04-22	Greenhouse WebSearch — Scan 6	Lead Performance Tester SDET	Vonage	skipped_location
https://job-boards.greenhouse.io/dialpad/jobs/8475167002	2026-04-22	Greenhouse WebSearch — Scan 6	Sr. SDET	Dialpad	skipped_location
https://job-boards.greenhouse.io/drivewealth/jobs/7637709003	2026-04-22	Greenhouse WebSearch — Scan 6	Senior QA Engineer Trading	DriveWealth	skipped_location
https://job-boards.greenhouse.io/oura/jobs/4208101009	2026-04-22	Greenhouse WebSearch — Scan 6	Senior Quality Assurance Engineer	Oura	skipped_title
https://job-boards.greenhouse.io/andurilindustries/jobs/5085878007	2026-04-22	Greenhouse WebSearch — Scan 6	Senior Test Automation Engineer	Anduril	skipped_location
https://job-boards.greenhouse.io/alpaca/jobs/5725656004	2026-04-22	Greenhouse WebSearch — Scan 6	Senior Software Development Engineer in Test	Alpaca	added
https://job-boards.greenhouse.io/outsetmedical/jobs/8370972002	2026-04-22	Greenhouse WebSearch — Scan 6	Senior Software Development Engineer in Test	Outset Medical	skipped_location
https://jobs.lever.co/aofl/a70c10a2-d347-4e3e-96dc-da747ab2daa6	2026-04-22	Lever WebSearch — Scan 6	Senior Quality Assurance Analyst	Age of Learning	skipped_expired
https://jobs.lever.co/smart-working-solutions/bdcdd311-40f8-433c-85ce-19f9e7af4523	2026-04-22	Lever WebSearch — Scan 6	QA Automation Engineer	Smart Working Solutions	skipped_expired
https://jobs.ashbyhq.com/percona/8fa1b24e-6b7c-42eb-9334-cbe8573a662b	2026-04-22	Ashby WebSearch — Scan 6	Senior Quality Engineer	Percona	skipped_expired
https://job-boards.greenhouse.io/vercel/jobs/5843010004	2026-04-22	greenhouse-api	Anti-Abuse Automation Engineer	Vercel	added
https://www.okta.com/company/careers/opportunity/7782588?gh_jid=7782588	2026-04-22	greenhouse-api	Staff Software Engineer in Test, PAM 	Okta	added
https://job-boards.greenhouse.io/scaleai/jobs/4685061005	2026-04-22	greenhouse-api	Robotics Quality Lead Associate	Scale AI	added
https://job-boards.greenhouse.io/scaleai/jobs/4685059005	2026-04-22	greenhouse-api	Robotics Quality Lead I	Scale AI	added
https://job-boards.greenhouse.io/anthropic/jobs/5098025008	2026-04-22	greenhouse-api	Model Quality Software Engineer, Claude Code	Anthropic	added
https://job-boards.greenhouse.io/anthropic/jobs/4020350008	2026-04-22	greenhouse-api	Performance Engineer	Anthropic	added
https://job-boards.greenhouse.io/anthropic/jobs/4926227008	2026-04-22	greenhouse-api	Performance Engineer, GPU	Anthropic	added
https://job-boards.greenhouse.io/anthropic/jobs/5058191008	2026-04-22	greenhouse-api	Strategic Account Executive, Asset & Wealth Management	Anthropic	added
https://job-boards.greenhouse.io/doordashusa/jobs/7752932	2026-04-22	greenhouse-api	Associate Manager, QA Strategy & Operations	DoorDash	added
https://jobs.ashbyhq.com/snowflake/1309d94f-1450-41a3-a1cd-17125cfcb6d9	2026-04-22	ashby-api	Senior Penetration Testing Engineer 	Snowflake	added
https://jobs.ashbyhq.com/openai/38ddaa2c-a490-427a-8457-0e92bf00138c	2026-04-22	ashby-api	ChatGPT Performance Engineer	OpenAI	added
https://jobs.ashbyhq.com/openai/6eb386ac-9056-4795-aa79-a27e105faf5c	2026-04-22	ashby-api	Training Performance Engineer	OpenAI	added
https://jobs.ashbyhq.com/openai/fff7b15d-a1a0-441f-90f1-5efcae7f0051	2026-04-22	ashby-api	Quality Engineer - Rack Infrastructure & Site Operations - Stargate	OpenAI	added
https://jobs.ashbyhq.com/openai/63f7f0b3-ba2c-437b-87ba-ec476729f071	2026-04-22	ashby-api	Release Engineer, Consumer Devices	OpenAI	added
https://jobs.ashbyhq.com/openai/2c9d0566-69b1-435e-bd8f-4eefc04dd076	2026-04-22	ashby-api	Component and Product Quality Engineer, Interconnects	OpenAI	added
https://jobs.ashbyhq.com/openai/8a950265-0527-48f8-be3c-2923d7d96940	2026-04-22	ashby-api	Manufacturing Test Engineer, AI Compute Infrastructure - Stargate	OpenAI	added
https://jobs.ashbyhq.com/openai/ec0a4e03-bbcc-4c64-813f-b53dabb8f53a	2026-04-22	ashby-api	Workload Porting & Performance Engineer	OpenAI	added
https://jobs.lever.co/magnetforensics/a3da8213-9f7a-4900-9ac2-8553c5919dee	2026-04-22	Lever WebSearch — SDET	Software Development Engineer in Test	Magnet Forensics	added
https://job-boards.greenhouse.io/bpcs/jobs/7497300	2026-04-22	Greenhouse WebSearch — SDET	Software Development Engineer in Test (SDET)	Blueprint Technologies	added
https://remotive.com/remote-jobs/qa/senior-qa-automation-engineer-2011766	2026-04-22	Remotive WebSearch — QA Automation	Senior QA Automation Engineer	Fieldwire	added
https://remotive.com/remote/jobs/qa/senior-staff-software-quality-engineer-4334528	2026-04-22	Remotive WebSearch — QA	Senior/Staff Software Quality Engineer	Continued	added
https://jobs.ashbyhq.com/delos-data/8be17607-cd2b-4cff-9e96-9733ea9eceeb	2026-04-22	Ashby WebSearch — SDET	Software Development Engineer in Test – AI	Delos Data Inc	added
https://jobs.ashbyhq.com/ashby/2e0d2b8e-0f2a-4fb4-9156-703dcc1a7d7d	2026-04-22	Ashby WebSearch — SDET	Software Developer In Test	Ashby	added
https://job-boards.greenhouse.io/sonyinteractiveentertainmentglobal/jobs/5272216004	2026-04-22	Greenhouse WebSearch — SDET	Software Development Engineer in Test (SDET)	PlayStation Global	skipped_location
https://job-boards.greenhouse.io/sonyinteractiveentertainmentglobal/jobs/5831459004	2026-04-22	Greenhouse WebSearch — SDET	Software Development Engineer in Test II (SDET)	PlayStation Global	skipped_location
https://jobs.lever.co/hivebrite/8a7e0fee-9d95-4c3e-8429-927f8847851b	2026-04-22	Lever WebSearch — QA Lead	Senior QA Engineer	Hivebrite	skipped_location
https://jobs.ashbyhq.com/truelogic/33e25e07-f73a-4696-a65c-9da7728f3fec	2026-04-22	Ashby WebSearch — SDET	Senior SDET (Test & Quality Focus)	Truelogic	skipped_location
https://remotive.com/remote/jobs/qa/sr-qa-automation-engineer-4351429	2026-04-22	Remotive WebSearch — QA	Sr QA Automation Engineer	Motive	skipped_location
https://jobs.lever.co/jobgether/9f02dd8a-b05f-49b5-baf3-8f332004973b	2026-04-22	Lever WebSearch — SDET	SR Software Development Test Engineer Level 3	Jobgether	skipped_expired
https://jobs.ashbyhq.com/fullstory/4480a6d5-231e-420c-a69f-8d748b343118	2026-04-22	ashby-api	Senior AI Automation Engineer	FullStory	added
https://job-boards.greenhouse.io/calendly/jobs/8506905002	2026-04-22	greenhouse-api	Security Automation Engineer	Calendly	added
https://www.klaviyo.com/careers/jobs?gh_jid=7669738003	2026-04-22	greenhouse-api	Talent Acquisition Systems & Automation Lead	Klaviyo	added
https://www.samsara.com/company/careers/roles/7610374?gh_jid=7610374	2026-04-22	greenhouse-api	Sr. Automation Engineer (Infra)	Samsara	added
https://www.mongodb.com/careers/job/?gh_jid=7571255	2026-04-22	greenhouse-api	SDET Engineer, Query	MongoDB	added
https://job-boards.greenhouse.io/mercury/jobs/5848405004	2026-04-22	greenhouse-api	Senior Engineering Manager - Release Engineering	Mercury	added
https://www.fastly.com/about/jobs/apply?gh_jid=7685198	2026-04-22	greenhouse-api	Principal Engineer - Release Engineering	Fastly	added
https://jobs.ashbyhq.com/vanta/b9e2eb5b-5944-4843-9a61-b832013cc795	2026-04-22	ashby-api	Salesforce Quality Engineer	Vanta	added
https://www.pinterestcareers.com/jobs/?gh_jid=7642256	2026-04-22	greenhouse-api	Sr. QA Engineer, tvScientific	Pinterest	added
https://www.pinterestcareers.com/jobs/?gh_jid=7366112	2026-04-22	greenhouse-api	VP, Ads Quality Engineering	Pinterest	added
https://jobs.lever.co/whoop/6c3200b0-3192-4fef-ac73-8ebf50246a47	2026-04-22	lever-api	Senior Hardware Quality Engineer (NPI)	Whoop	added
https://databricks.com/company/careers/open-positions/job?gh_jid=8463169002	2026-04-22	greenhouse-api	Sr IT Systems/Automation Engineer	Databricks	added
https://job-boards.greenhouse.io/clickhouse/jobs/5654026004	2026-04-22	greenhouse-api	QA Engineer - Core Database (remote)	ClickHouse	added
https://job-boards.greenhouse.io/clickhouse/jobs/5813432004	2026-04-22	greenhouse-api	Release Engineer - Data Plane	ClickHouse	added
https://job-boards.greenhouse.io/clickhouse/jobs/5768080004	2026-04-22	greenhouse-api	Senior Cloud Performance Engineer	ClickHouse	added
https://sofi.com/careers/job/7704502003?gh_jid=7704502003	2026-04-22	greenhouse-api	AI Automation Lead	SoFi	added
https://www.talkspace.com/careers/job?gh_jid=5732849004	2026-04-22	greenhouse-api	QA Automation Engineer (AI Systems & Web Apps)  	Talkspace	added
https://careers.onepeloton.com/en/all-jobs/?gh_jid=6378217	2026-04-22	greenhouse-api	Mechanical Test Engineer	Peloton	added
https://careers.onepeloton.com/en/all-jobs/?gh_jid=7657669	2026-04-22	greenhouse-api	Software Development Engineer in Test	Peloton	added
https://job-boards.greenhouse.io/clickhouse/jobs/5654027004	2026-04-22	greenhouse-api	QA Engineer - Core Database (remote)	ClickHouse	added
https://careers.hellofresh.com/global/en/job/7784809?gh_jid=7784809	2026-04-22	greenhouse-api	Associate Quality Manager	HelloFresh	added
https://careers.hellofresh.com/global/en/job/7821708?gh_jid=7821708	2026-04-22	greenhouse-api	Food Safety and Quality Lead	HelloFresh	added
https://careers.hellofresh.com/global/en/job/7642627?gh_jid=7642627	2026-04-22	greenhouse-api	Food Safety and Quality Lead	HelloFresh	added
https://www.adzuna.com/details/5707336468?utm_medium=api&utm_source=321f183d	2026-04-22	Adzuna — QA & Test titles	Senior Test Engineer RDKB & CPE Platforms	DCM Infotech Limited	added
https://www.adzuna.com/land/ad/5701318556?se=NipQI6U-8RG8pp5SnrfL9Q&utm_medium=api&utm_source=321f183d&v=2A9723554587C0B29C2D9F3B4271455F515873F6	2026-04-22	Adzuna — QA & Test titles	Sr. Quality Analyst, Operations Assurance	RTX	added
https://www.adzuna.com/details/5699374145?utm_medium=api&utm_source=321f183d	2026-04-22	Adzuna — QA & Test titles	Test Engineer	Performix Business Services, LLC	added
https://www.adzuna.com/details/5690600953?utm_medium=api&utm_source=321f183d	2026-04-22	Adzuna — QA & Test titles	Supplier Quality Engineer II	Edwards Lifesciences	added
https://www.adzuna.com/details/5683248536?utm_medium=api&utm_source=321f183d	2026-04-22	Adzuna — QA & Test titles	AI QA Automation Engineer	Introlligent Inc.	added
https://www.adzuna.com/details/5707659471?utm_medium=api&utm_source=321f183d	2026-04-22	Adzuna — Automation & SDET titles	SDET - Lab Technician	Fiserv	added
https://www.adzuna.com/details/5707659472?utm_medium=api&utm_source=321f183d	2026-04-22	Adzuna — Automation & SDET titles	Sr. Software Development Engineer in Test	Fiserv	added
https://www.adzuna.com/details/5707639853?utm_medium=api&utm_source=321f183d	2026-04-22	Adzuna — Automation & SDET titles	QA Automation Engineer - Remote / Telecommute	Cynet Systems	added
https://www.adzuna.com/land/ad/5707636407?se=msk3JKU-8RGcisPYkISD7w&utm_medium=api&utm_source=321f183d&v=8E95245D716B53D0B4EF763B70D4DD2320B4E6A4	2026-04-22	Adzuna — Automation & SDET titles	SDET	Randstad Digital	added
https://www.adzuna.com/details/5707343000?utm_medium=api&utm_source=321f183d	2026-04-22	Adzuna — Automation & SDET titles	SDET Integration Test Engineer	GState Consulting LLC	added
https://www.adzuna.com/details/5707340531?utm_medium=api&utm_source=321f183d	2026-04-22	Adzuna — Automation & SDET titles	Remote - Sr. SDET (AI-Augmented) - Contract to Hire	Octans Group LLC	added
https://www.adzuna.com/details/5707340505?utm_medium=api&utm_source=321f183d	2026-04-22	Adzuna — Automation & SDET titles	Automation/SDET - Remote (healtcare)	Drevol LLC	added
https://www.adzuna.com/details/5707340342?utm_medium=api&utm_source=321f183d	2026-04-22	Adzuna — Automation & SDET titles	W2 only | Principal Data QA Engineer / Lead SDET (Databricks, Spark) | Dallas TX/Seattle, WA ONSITE	Advent Global Solutions, Inc.	added
https://www.adzuna.com/details/5707338177?utm_medium=api&utm_source=321f183d	2026-04-22	Adzuna — Automation & SDET titles	SDET (Contact Center / IVR)	Capgemini America, Inc.	added
https://www.adzuna.com/details/5707337548?utm_medium=api&utm_source=321f183d	2026-04-22	Adzuna — Automation & SDET titles	SDET - Python/Java	XFORIA Inc	added
https://www.adzuna.com/details/5707333561?utm_medium=api&utm_source=321f183d	2026-04-22	Adzuna — Automation & SDET titles	SDET Engineer / Quality Engineer	Raas Infotek LLC	added
https://www.adzuna.com/details/5707332194?utm_medium=api&utm_source=321f183d	2026-04-22	Adzuna — Automation & SDET titles	Device Automation Test Engineer	Rapsys Technologies	added
https://www.adzuna.com/details/5707331046?utm_medium=api&utm_source=321f183d	2026-04-22	Adzuna — Automation & SDET titles	SDET - Software Development Engineer in Test - USA Remote	INUIX Consulting	added
https://www.adzuna.com/land/ad/5707187564?se=msk3JKU-8RGcisPYkISD7w&utm_medium=api&utm_source=321f183d&v=0FA237DE3CE987D6DBAFBAE56B5D618DCB11D642	2026-04-22	Adzuna — Automation & SDET titles	Senior Software Development Engineer (SDET)	Donnelley Financial Solutions, Inc.	added
https://www.adzuna.com/details/5706920912?utm_medium=api&utm_source=321f183d	2026-04-22	Adzuna — Automation & SDET titles	Automation Engineer (SDET)	Expedite Technology Solutions, LLC	added
https://www.adzuna.com/details/5706920005?utm_medium=api&utm_source=321f183d	2026-04-22	Adzuna — Automation & SDET titles	Software Development Engineer in Test(SDET)	SS&C	added
https://www.adzuna.com/details/5706820060?utm_medium=api&utm_source=321f183d	2026-04-22	Adzuna — Automation & SDET titles	Global Head of Quality Assurance, VP III - State Street Investment Management	State Street	addedhttps://www.adzuna.com/land/ad/5707187435	2026-04-23	Adzuna — Automation & SDET titles US	Senior Software Development Engineer (SDET)	Donnelley Financial Solutions, Inc.	added
https://www.adzuna.com/details/5707680609?utm_medium=api&utm_source=321f183d	2026-04-23	Adzuna — Automation & SDET titles US	Software Developer Engineer in Test (SDET) - Hybrid / Contract to Hire Role	TrustMinds, Inc.	added
https://www.adzuna.com/land/ad/5707187442	2026-04-23	Adzuna — Automation & SDET titles US	Senior Software Development Engineer (SDET)	Donnelley Financial Solutions, Inc.	added
https://www.adzuna.com/details/5707690870?utm_medium=api&utm_source=321f183d	2026-04-23	Adzuna — Automation & SDET titles US	QA Automation Engineer - Remote / Telecommute	Cynet Systems	added
https://www.adzuna.com/land/ad/5707187375	2026-04-23	Adzuna — Automation & SDET titles US	Senior Software Development Engineer (SDET)	Donnelley Financial Solutions, Inc.	added
https://www.adzuna.com/details/5707819012?utm_medium=api&utm_source=321f183d	2026-04-23	Adzuna — Automation & SDET titles US	Automation Test Engineer	SAIC	added
https://www.adzuna.com/land/ad/5707861829	2026-04-23	Adzuna — QA & Test titles US	Senior Quality Engineering Manager (Onsite)	Pratt & Whitney	added
https://www.adzuna.com/details/5707868199?utm_medium=api&utm_source=321f183d	2026-04-23	Adzuna — Automation & SDET titles US	Software Engineering Manager 3 (QA Payments Engineering)	U.S. Bank	added
https://www.adzuna.com/details/5707950185?utm_medium=api&utm_source=321f183d	2026-04-23	Adzuna — Automation & SDET titles US	Quality Assurance Lead	NeuraFlash, Part of Accenture	added
https://www.adzuna.com/details/5707991463?utm_medium=api&utm_source=321f183d	2026-04-23	Adzuna — Automation & SDET titles US	SDET	Glint Tech Solutions LLC	added
https://www.adzuna.com/land/ad/5708094364	2026-04-23	Adzuna — Automation & SDET titles US	Sdet	CGI	added
https://jobs.lever.co/whoop/11d7d642-b301-41e7-8d7b-7b25651c9882	2026-04-23	lever-api	Electrical Test Engineering Tech Lead	Whoop	added
https://job-boards.greenhouse.io/faeththerapeutics/jobs/4226312009	2026-04-23	Greenhouse WebSearch	Staff SDET	Faeth Therapeutics	added
https://jobs.lever.co/tpgsi/f4983e3e-e8c6-4276-bda0-83d386eff692	2026-04-23	Lever WebSearch	QA Manager and Lead Test Engineer	Turning Point Global Solutions	added
https://himalayas.app/companies/jobgether/jobs/qa-automation-tech-lead-remote-us	2026-04-23	Himalayas WebSearch	QA Automation Tech Lead	Jobgether	added
https://apply.workable.com/jobgether/j/92404B192D	2026-04-23	Workable WebSearch	Test Automation Engineer	Jobgether	added
https://jobs.lever.co/jobgether/0392f0b1-c026-4314-b83a-b5918a9b4ccc	2026-04-23	Lever WebSearch	QA Lead	Jobgether	added
https://jobs.ashbyhq.com/assured/4f27b41f-001d-46f1-afad-532ac5b0f139	2026-04-23	WebSearch	Staff QA Engineer	Assured	added
https://jobs.ashbyhq.com/wander/121c24e0-eeff-49a8-ac56-793d2dbc9fcd	2026-04-23	WebSearch	Quality Assurance (QA) Engineer	Wander	added
https://jobs.ashbyhq.com/serverobotics/050cf1d0-4286-42e5-9b49-3659dada68d2	2026-04-23	WebSearch	QA Engineer Platform and Ops Tooling	Serve Robotics	added
https://boards.greenhouse.io/collectorsuniverse/jobs/5451432004	2026-04-23	WebSearch	Staff QA Automation Engineer/SDET	Collectors	added
https://www.linkedin.com/jobs/view/staff-sdet-at-vgs-3550782736	2026-04-23	WebSearch	Staff SDET	VGS	added
https://www.linkedin.com/jobs/view/senior-sdet-engineer-at-jobs-via-dice-4263149499	2026-04-23	WebSearch	Senior SDET Engineer	Jobs via Dice	added
https://www.linkedin.com/jobs/view/senior-software-development-engineer-in-test-sdet-at-sas-3747669613	2026-04-23	WebSearch	Senior SDET	SAS	added
https://www.linkedin.com/jobs/view/senior-sdet-remote-at-quanata-3928390964	2026-04-23	WebSearch	Senior SDET	Quanata	added
https://www.linkedin.com/jobs/view/sr-staff-sdet-at-alkami-technology-4189004677	2026-04-23	WebSearch	Sr Staff SDET	Alkami Technology	added
https://www.linkedin.com/jobs/view/staff-sdet-at-abbott-4034421121	2026-04-23	WebSearch	Staff SDET	Abbott	added
https://www.linkedin.com/jobs/view/senior-qa-automation-engineer-at-sada-2939989681	2026-04-23	WebSearch	Senior QA Automation Engineer	SADA	added
https://www.linkedin.com/jobs/view/senior-qa-automation-engineer-at-collectors-3208678580	2026-04-23	WebSearch	Senior QA Automation Engineer	Collectors	added
https://www.linkedin.com/jobs/view/senior-qa-automation-engineer-at-cybercoders-3099499399	2026-04-23	WebSearch	Senior QA Automation Engineer	CyberCoders	added
https://www.linkedin.com/jobs/view/senior-qa-automation-engineer-at-gallup-3300516759	2026-04-23	WebSearch	Senior QA Automation Engineer	Gallup	added
https://www.linkedin.com/jobs/view/senior-qa-automation-engineer-mobile-at-age-of-learning-3729462387	2026-04-23	WebSearch	Senior QA Automation Engineer - Mobile	Age of Learning	added
https://www.linkedin.com/jobs/view/senior-quality-assurance-automation-engineer-at-fragomen-3196969187	2026-04-23	WebSearch	Senior Quality Assurance Automation Engineer	Fragomen	added
https://www.dice.com/job-detail/3ef8c77d-3e03-4255-9c90-480e118ead35	2026-04-23	WebSearch	SDET Automation Engineer	Prohires	added
https://www.dice.com/job-detail/86286a9b-faa7-4cdd-9af8-5515e1e9727e	2026-04-23	WebSearch	SDET QA Automation Engineer	Techwizens LLC	added
https://www.dice.com/job-detail/f807828f-42de-462d-9bc9-8d4cfa023b21	2026-04-23	WebSearch	Test Automation Engineer (SDET)	ASSYST	added
https://www.dice.com/job-detail/556f6d3b-ee19-47c3-bbdf-f3fe32c61801	2026-04-23	WebSearch	QA Automation Engineer	ElevaIT Solutions	added
https://www.dice.com/job-detail/8223b9cf-a3a5-4201-a4a1-f1b9bbf3f11a	2026-04-23	WebSearch	QA Automation Engineer	Accylerate	added
https://builtin.com/job/engineer/software-development-engineer-test-sdet/305030	2026-04-23	WebSearch	Software Development Engineer in Test (SDET)	QGenda	added
https://remotive.com/remote/jobs/qa/sr-sdet-sr-qa-automation-engineer-3880708	2026-04-23	WebSearch	Sr SDET / Sr QA Automation Engineer	RapidFort	added
https://remotive.com/remote-jobs/qa/sdet-qa-engineer-1364520	2026-04-23	WebSearch	SDET/QA Engineer	Gigster	added
https://remotive.com/remote/jobs/qa/sdet-qa-automation-lead-3778571	2026-04-23	WebSearch	SDET/QA Automation Lead	Cloudlinux	added
https://remotive.com/remote-jobs/qa/sdet-qa-engineer-1992693	2026-04-23	WebSearch	SDET/QA Engineer	Gigster	added
https://jobs.ashbyhq.com/mexdigital/16d5e7c6-7af0-4dc8-a510-1f79f1fdda2a	2026-04-23	WebSearch	QA Engineer | Remote	Multibank Group	added
https://remotive.com/remote/jobs/qa/sdet-engineer-1659108	2026-04-23	WebSearch	SDET Engineer	EX2 Outcoding	added
https://wellfound.com/jobs/2726462-senior-qa-automation-engineer-remote-overseas-us-pst-hours	2026-04-23	WebSearch	Senior QA Automation Engineer (Remote US PST)	KangarooHealth	added
https://www.dice.com/job-detail/670c6228-e441-44de-877a-528d9d6e3a49	2026-04-23	WebSearch	QA Automation Engineer	Global Soft Systems	added
https://www.glassdoor.com/job-listing/staff-software-development-engineer-in-test-alteryx-JV_KO0,43_KE44,51.htm?jl=1010035670451	2026-04-23	WebSearch	Staff Software Development Engineer in Test	Alteryx	added
https://www.linkedin.com/jobs/view/mobile-sdet-at-onfleet-2892589040	2026-04-23	WebSearch	Mobile SDET	Onfleet	added
https://jobs.ashbyhq.com/quora/b0ef4655-20b0-4c4f-93d2-037556c6c9e5	2026-04-23	Ashby WebSearch	AI Automation Engineer	Quora	added
https://job-boards.greenhouse.io/connexure/jobs/4015509009	2026-04-23	Greenhouse WebSearch	Software Development Engineer in Test (SDET)	Connexure	added
https://jobs.lever.co/jobgether/9478615f-d2aa-4c9d-9efb-f0ab6c51286a	2026-04-23	Lever WebSearch	QA Lead	Jobgether	added
https://remotive.com/remote-jobs/software-dev/sdet-engineer-1659108	2026-04-23	WebSearch	SDET Engineer	EX2 Outcoding	added
https://remotive.com/remote/jobs/qa/sdet-qa-engineer-1364520	2026-04-23	WebSearch	SDET/QA Engineer	Gigster	added
https://job-boards.greenhouse.io/flex/jobs/4626696005	2026-04-23	WebSearch	Senior Software Development Engineer in Test (SDET)	Flex	added
https://www.dice.com/job-detail/057bf1fd-f540-4137-ae52-6ec4dc49c993	2026-04-23	WebSearch	Sr. QA Automation Engineer (ETL/Backend)	Lumen Solutions Group	added
https://jobs.ashbyhq.com/heymilo/9940698f-82a5-4a55-b5d4-526edcda7197	2026-04-23	WebSearch	Quality Assurance (QA)	HeyMilo	added
https://jobs.lever.co/jobgether/69e2c64f-c8a8-4d58-910a-e8d4292e0593	2026-04-23	WebSearch	QA Lead - Fully remote (Worldwide)	Jobgether	added
https://jobs.ashbyhq.com/bjakcareer/8d7554ae-a5c2-413e-91a0-1ac75c885101	2026-04-23	WebSearch	Senior QA Automation Engineer	Bjak	skipped_location
https://weworkremotely.com/listings/xm-qa-software-test-automation-engineer-java	2026-04-23	WebSearch	QA Software Test Automation Engineer (Java)	XM	skipped_location
https://jobs.ashbyhq.com/tempo/ee7c084e-d0cb-4b7a-adde-064e8a23207d	2026-04-24	WebSearch	QA Specialist - Agent+	Tempo	added
https://jobs.lever.co/jobgether/e133f812-210d-43d1-ac1a-8321f7c1eb55	2026-04-24	WebSearch	Remote QA Automation Lead	Jobgether	added
https://jobs.lever.co/jobgether/f9a23e1c-371e-44de-ab6a-29bc0907cf40	2026-04-24	WebSearch	Lead QA Engineer	Jobgether	added
https://jobs.lever.co/jobgether/9d12f3fb-4e62-47f6-90fa-b71f41a0f5f5	2026-04-24	WebSearch	Quality Assurance Engineer	Jobgether	added
https://jobs.lever.co/jobgether/a49e19eb-e929-452a-be54-fdfb5326d80a	2026-04-24	WebSearch	QA Engineer	Jobgether	added
https://wellfound.com/jobs/3021602-software-engineer-qa	2026-04-24	WebSearch	Software Engineer QA	QA Wolf	added
https://jobs.lever.co/xsolla/98156612-0720-4b0e-8eb1-069748cb5608	2026-04-24	WebSearch	Senior QA Automation Engineer	Xsolla	added
https://boards.greenhouse.io/glassdoor/jobs/4975772002	2026-04-24	Greenhouse WebSearch	Senior Software Test Automation Engineer	Glassdoor	added
https://job-boards.greenhouse.io/oddball/jobs/6675281003	2026-04-24	Greenhouse WebSearch	Senior QA Test Automation Engineer	Oddball	added
https://job-boards.greenhouse.io/elitetechnology/jobs/5129511008	2026-04-24	Greenhouse WebSearch	Senior Software Test Engineer	Elite Technology	added
https://boards.greenhouse.io/heartflowinc/jobs/4178806004	2026-04-24	Greenhouse WebSearch	Senior Engineer in Test	HeartFlow	added
https://jobs.ashbyhq.com/parspec/b3112352-c571-4be9-a85c-ad572353902c	2026-04-24	Ashby WebSearch	Senior SDET	Parspec	added
https://himalayas.app/companies/1950labs/jobs/sr-qa-automation-engineer	2026-04-24	Himalayas WebSearch	Sr. QA Automation Engineer	1950Labs	added
https://himalayas.app/companies/element-solutions/jobs/sr-software-development-engineer-in-test	2026-04-24	Himalayas WebSearch	Sr. Software Development Engineer in Test	Element Solutions	added
https://builtin.com/job/software-development-engineer-test-sdet-ii/4158755	2026-04-24	BuiltIn WebSearch	SDET II	Trimble	added
https://himalayas.app/companies/quanata-llc/jobs/sdet-back-end-remote-us	2026-04-24	Himalayas WebSearch	SDET (Back End)	Quanata	added
https://jobs.ashbyhq.com/The%20Zebra/65955a20-eafd-4075-b2fb-6883e58bf84f	2026-04-24	Ashby WebSearch	Senior Quality Engineer	The Zebra	added
https://jobs.ashbyhq.com/The%20Zebra/8502ee88-efcd-4802-bfd4-71c426f56939	2026-04-24	Ashby WebSearch	Quality Engineer II	The Zebra	added
https://www.linkedin.com/jobs/view/sr-lead-sdet-qa-automation-engineer-100%-remote-contract-to-permanent-job-at-zeektek-4383909933	2026-04-24	LinkedIn WebSearch	Sr. Lead SDET QA Automation Engineer	ZeekTek	added
https://job-boards.greenhouse.io/aisquared/jobs/4621299006	2026-04-24	Greenhouse WebSearch	QA Engineer	AI Squared	added
https://himalayas.app/companies/data-edge/jobs/software-development-engineer-in-test-sdet	2026-04-24	Himalayas WebSearch	SDET	Data Edge	added
https://jobs.ashbyhq.com/qventus/b0b5805c-951c-4797-be3e-a079328faa2b	2026-04-24	Ashby WebSearch	SDET/QA Engineer	Qventus	added
https://jobs.ashbyhq.com/junipersquare/f59291cf-97f9-46b9-8034-aac7293544eb	2026-04-24	Ashby WebSearch	QA Automation Engineer II	Juniper Square	added
https://job-boards.greenhouse.io/accenturefederalservices/jobs/4675354006	2026-04-24	Greenhouse WebSearch	Quality Engineer (Automation Tester)	Accenture Federal Services	added
https://job-boards.greenhouse.io/stateaffairs/jobs/4132189009	2026-04-24	Greenhouse WebSearch	Quality Assurance Engineer	State Affairs	added
https://boards.greenhouse.io/quanata/jobs/5159154004	2026-04-24	Greenhouse WebSearch	Senior SDET [Remote]	Quanata	added
https://boards.greenhouse.io/apolloio/jobs/5189009004	2026-04-24	Greenhouse WebSearch	Senior SDET	Apollo.io	added
https://job-boards.greenhouse.io/veza/jobs/5722315004	2026-04-24	Greenhouse WebSearch	Senior SDET	Veza Technologies	added
https://job-boards.greenhouse.io/brightai/jobs/5421978004	2026-04-24	Greenhouse WebSearch	Staff QA Engineer	BrightAI	added
https://job-boards.greenhouse.io/gomotive/jobs/8463895002	2026-04-24	Greenhouse WebSearch	Salesforce QA Automation Engineer	Motive	added
https://job-boards.greenhouse.io/logos/jobs/7122961	2026-04-24	Greenhouse WebSearch	Test Automation Engineer	Logos	added
https://jobs.lever.co/jobgether/d1d77512-cf25-40d9-9e16-f712d7ca77ad	2026-04-24	Lever WebSearch	Senior Test Automation Engineer (Remote CA)	Jobgether	added
https://jobs.lever.co/jobgether/26915045-5a7c-4f1f-bcd0-ca838e468025	2026-04-24	Lever WebSearch	Senior Test Automation Engineer (Remote GA)	Jobgether	added
https://jobs.lever.co/jobgether/992ba916-3a24-46ac-ae15-390db17fb15e	2026-04-24	Lever WebSearch	Senior Test Automation Engineer (Remote IL)	Jobgether	added
https://job-boards.greenhouse.io/halcyon/jobs/5808645004	2026-04-24	Greenhouse WebSearch	Cloud Test Automation Engineer	Halcyon	added
https://job-boards.greenhouse.io/cribl/jobs/5673481004	2026-04-24	Greenhouse WebSearch	Engineering Manager, SDET	Cribl	added
https://boards.greenhouse.io/cyware/jobs/5794592003	2026-04-24	Greenhouse WebSearch	SDET - Python (REMOTE)	Cyware	added
https://boards.greenhouse.io/iherb/jobs/5529887003	2026-04-24	Greenhouse WebSearch	Software Development Engineer in Test II	iHerb	added
https://weworkremotely.com/remote-jobs/chili-piper-qa-automation-engineer	2026-04-24	WeWorkRemotely WebSearch	QA Automation Engineer	Chili Piper	added
https://job-boards.greenhouse.io/mill/jobs/4676918005	2026-04-24	Greenhouse WebSearch	Software Development Engineer in Test	Mill	added
https://www.linkedin.com/jobs/view/senior-qa-engineer-sdet-automation-engineer-at-mosaic-tech-2889129172	2026-04-24	LinkedIn WebSearch	Senior QA Engineer / SDET / Automation Engineer	Mosaic.tech	added
https://www.linkedin.com/jobs/view/remote-qa-automation-engineer-playwright-typescript-ui-at-cybercoders-3686709363	2026-04-24	LinkedIn WebSearch	Remote QA Automation Engineer (Playwright/TypeScript)	CyberCoders	added
https://job-boards.greenhouse.io/cribl/jobs/5701734004	2026-04-25	Greenhouse WebSearch	Staff Software Developer in Test	Cribl	added
https://job-boards.greenhouse.io/neuraflash/jobs/5978041004	2026-04-25	Greenhouse WebSearch	Quality Assurance Lead	NeuraFlash	added
https://job-boards.greenhouse.io/thalamusgme/jobs/4823584007	2026-04-25	Greenhouse WebSearch	Software Development Engineer in Test	ThalamusGME	added
https://job-boards.greenhouse.io/altanaai/jobs/6281619003	2026-04-25	Greenhouse WebSearch	Principal SDET	Altana	added
https://jobs.lever.co/softrams/ef0f6e8e-07b1-4076-a937-4498e8516ef0	2026-04-25	Lever WebSearch	QA Engineer (Automated Testing)	Softrams	added
https://jobs.lever.co/vida/0abe5d46-784a-42fb-beaa-fc1351bf7828	2026-04-25	Lever WebSearch	Lead QA Automation Engineer	Vida Health	added
https://www.dice.com/job-detail/1aed614d-80d2-4cf8-8a27-bcef1c95311e	2026-04-25	Dice WebSearch	Senior QA Automation Engineer	When I.T. Matters LLC	added
https://job-boards.greenhouse.io/onetrust/jobs/7656977	2026-04-25	Greenhouse WebSearch	Principal Quality Engineer - SDET	OneTrust	added
https://apply.workable.com/equip/j/99A3C331B1	2026-04-25	Workable WebSearch	Senior QA Automation Engineer	Equip	added
https://job-boards.greenhouse.io/coherehealth/jobs/7703927003	2026-04-25	Greenhouse WebSearch	Senior QA Automation Engineer	Cohere Health	added
https://job-boards.greenhouse.io/medrio/jobs/8468590002	2026-04-25	Greenhouse WebSearch	Automation Engineer (Mid-level SDET)	Medrio	added
https://jobs.lever.co/jobgether/19ba8d10-a54d-438c-9438-990d702deda4	2026-04-25	Lever WebSearch	Remote QA Engineer	Jobgether	added
https://jobs.lever.co/jobgether/9c1ba583-8940-44de-abc0-65ca457efd6d	2026-04-25	Lever WebSearch	QA Automation Engineer (Data)	Jobgether	added
https://job-boards.greenhouse.io/elitetechnology/jobs/4751280008	2026-04-25	Greenhouse WebSearch	Lead Software Development Engineer in Test	Elite Technology	added
https://jobs.lever.co/offchainlabs/ecb0944a-fd48-43c6-95d1-1d4b228c86b9	2026-04-25	Lever WebSearch	Senior Quality Engineer, Platform	Offchain Labs	added
https://jobs.ashbyhq.com/opengov/8e8f6db6-945a-4d19-a119-ff6614903919	2026-04-25	Ashby WebSearch	SDET III	OpenGov	added
https://jobs.ashbyhq.com/swap/edfe8478-2236-4d50-ba4b-b5d624fab58d	2026-04-25	Ashby WebSearch	Senior SDET	Swap	added
